[
    {
        "name": "Ali Ahmed",
        "blood_group": "A+",
        "city": "Skardu",
        "contact": "034545454545",
        "last_donation": "2025-04-23"
    },
    {
        "name": "ammar",
        "blood_group": "A+",
        "city": "shigar",
        "contact": "03400000000",
        "last_donation": "2044-03-22"
    },
    {
        "name": "junaid",
        "blood_group": "A+",
        "city": "balghar",
        "contact": "034444",
        "last_donation": "2023-10-12"
    },
    {
        "name": "mazahir",
        "blood_group": "B+",
        "city": "rondu",
        "contact": "034111111",
        "last_donation": "2025-03-22"
    },
    {
        "name": "amanullah",
        "blood_group": "B+",
        "city": "shigar",
        "contact": "03179152302",
        "last_donation": "1900-01-01"
    },
    {
        "name": "saif",
        "blood_group": "O-",
        "city": "shigar",
        "contact": "035542",
        "last_donation": "1900-01-01"
    }
]